,Optimizer,Hyperoptimizer,Test Accuracy,Test Error,alpha
0,Adam_alpha,NoOp,15.956,84.044,0.0020000000949949026
1,Adam_alpha,Adam,15.989,84.011,0.001340591348707676
2,Adam_alpha,Adam,16.027,83.973,0.012266507372260094
3,Adam_alpha,Adam,16.008,83.992,0.011788807809352875
